rank,Youtuber,subscribers,videoViews,videoCount,category,started
1,0,222000000,198459090822,17317,0,2006
3,1,140000000,135481339848,786,1,2006
4,2,139000000,125764252686,91271,2,2006
6,3,111000000,28469458228,4497,3,2010
7,4,102000000,16832456681,726,4,2012
8,5,99700000,79602288245,1009,5,2015
9,6,99200000,81963845811,702,5,2016
11,7,90200000,70544743313,63077,6,2007
12,8,86700000,49067711243,6603,0,2014
13,9,85100000,66498762660,472,4,2018
14,10,77100000,23881457195,5581,7,2016
15,11,76200000,24707415704,397,5,2016
17,12,74100000,18533088438,3968,8,2012
18,13,70600000,82473581441,56295,2,2007
19,14,70000000,17471090750,1787,0,2012
20,15,69700000,28567240999,247,0,2007
21,16,67800000,24013849120,971,0,2008
22,17,65900000,36576704790,2313,0,2012
23,18,63000000,17111576122,60802,4,2005
24,19,61300000,28579945247,7884,0,2010
25,20,59400000,32107290522,2374,1,2011
26,21,58100000,14742860905,297,6,2009
27,22,57700000,39266652127,506,1,2013
28,23,57600000,58839819120,39202,8,2006
29,24,55700000,13445424556,401,4,2015
30,25,55100000,52611504230,87427,2,2008
31,26,53400000,37230876862,18622,0,2014
32,27,53000000,23717869724,140,0,2007
33,28,52900000,20204939173,196497,9,2009
34,29,52800000,27883080973,3612,0,2007
35,30,52500000,24278576197,23870,0,2011
36,31,52400000,24856641898,3180,0,2009
37,32,52200000,27881781761,253,0,2006
38,33,51700000,49895247456,1309,0,2011
39,34,51600000,22158094076,146,0,2007
40,35,49800000,29013984394,553,0,2014
41,36,47600000,29366788406,3289,8,2006
42,37,47100000,25563795998,189,0,2006
43,38,46200000,11999349578,48,0,2013
44,39,46100000,13698034536,1959,3,2013
45,40,45700000,8590657189,648,1,2013
46,41,45600000,25635591765,476,1,2014
47,42,45600000,18567925780,13814,4,2014
48,43,45100000,9966728650,541,3,2011
49,44,44300000,15475571879,3512,4,2006
50,45,43900000,10058536263,4540,7,2017
51,46,43900000,4120078906,521,10,2013
52,47,43300000,7284075395,1315,4,2013
53,48,43300000,4735959546,136,4,2011
54,49,43200000,23966278157,118,0,2008
55,50,42700000,23991411417,3309,0,2009
56,51,42500000,23748805401,123,0,2014
57,52,42200000,11731228995,318,0,2012
58,53,41500000,18745015002,599,4,2017
59,54,41300000,28559341412,3963,4,2006
60,55,41200000,16717234472,645,3,2014
61,56,40800000,24558172214,10327,0,2012
62,57,40600000,47544242811,179522,5,2008
63,58,40400000,7483116325,705,3,2011
64,59,39700000,20489429972,9707,4,2007
65,60,39600000,20092128845,79,4,2005
66,61,39500000,37136069429,1989,1,2011
67,62,39200000,7691260396,1119,10,2012
68,63,38800000,17685426640,3282,4,2016
69,64,38700000,32833907997,1198,8,2011
70,65,38300000,22335550787,14404,4,2006
71,66,37800000,20454693770,1875,5,2014
72,67,37800000,14999240876,4535,11,2005
73,68,37600000,23912270526,4180,0,2014
74,69,37600000,9725253939,126,0,2015
75,70,37400000,12698961117,157,0,2010
76,71,37200000,23715669906,287,5,2005
77,72,37200000,4254148920,206,5,2016
78,73,37000000,33773658170,62039,4,2012
79,74,36800000,20479831396,423,0,2011
80,75,36500000,40932580174,821,4,2016
81,76,36300000,2948237121,178,10,2014
83,77,36000000,20838666788,163,0,2006
84,78,35900000,19083355034,847,5,2015
85,79,35900000,6660397688,185006,12,2009
86,80,35800000,20816532667,1351,5,2017
87,81,35700000,15133442317,194,10,2017
88,82,35300000,37440873935,600,1,2006
89,83,35300000,17395825825,97,0,2006
90,84,35200000,21048440606,137,0,2016
91,85,35100000,19426654260,935,2,2014
92,86,34400000,26969165355,128901,4,2013
93,87,34300000,14212434275,3171,0,2015
94,88,33600000,15934957738,630,4,2017
95,89,33600000,21489532517,134,0,2011
96,90,33500000,13775632479,1727,3,2015
97,91,33400000,14948682643,7130,3,2008
98,92,33400000,15508274562,9078,11,2009
99,93,33300000,18701808550,5200,3,2012
100,94,33300000,2725286912,540,9,1970
101,95,33200000,10421462788,224455,5,2012
102,96,33200000,5935440954,1894,3,2018
103,97,33100000,20224535670,627,5,2015
104,98,33000000,9481987642,125,0,2014
105,99,32900000,51721734476,2198,4,2015
106,100,32800000,11575367431,563,0,2016
107,101,32700000,23519452138,19383,2,2014
108,102,32700000,10436881173,1116,0,2011
109,103,32500000,20583922757,3095,3,2013
110,104,32300000,18933492606,6524,0,2011
111,105,32200000,25304311207,71075,4,2016
112,106,32100000,10676727914,191,10,2013
113,107,31900000,13417041251,237971,9,2006
114,108,31900000,26003463646,61818,4,2008
115,109,31800000,25304909929,205,0,2009
116,110,31600000,20335720484,76039,4,2014
117,111,31500000,22808879757,558,0,2013
118,112,31400000,6362416164,5453,7,2017
119,113,31000000,16582648732,9807,4,2007
120,114,30900000,14480846921,121,4,2014
121,115,30900000,11583101067,182,8,2008
122,116,30800000,22858782418,62,8,2006
123,117,30800000,25203004950,3951,0,2006
124,118,30700000,9936630200,2661,2,2006
125,119,30600000,19244430138,2008,0,2012
126,120,30500000,18636699832,338,1,2008
127,121,30500000,5134450983,2003,5,2016
128,122,30400000,13348694779,2472,0,2012
129,123,30300000,13287506122,3739,0,2006
130,124,30100000,24693346235,1771,0,2010
131,125,30000000,2673017855,110,3,2014
132,126,29900000,16006240303,7897,10,2006
133,127,29900000,4082464979,1809,4,2014
134,128,29700000,12147894890,5718,4,2013
135,129,29600000,20075386002,10826,0,2007
136,130,29600000,12599347383,11571,3,2012
137,131,29500000,11742431673,132,0,2011
139,132,29400000,13109187449,223,4,2012
140,133,29200000,23790606514,1825,1,2016
141,134,29200000,3935938048,404,10,2006
142,135,29100000,19280816380,123,0,2011
143,136,28700000,19638529002,20,0,2018
144,137,28700000,12650300730,14,0,2008
145,138,28600000,15485608801,4988,3,2007
146,139,28600000,14307239074,67,0,2009
147,140,28600000,14501468946,5927,0,2012
148,141,28600000,16201384834,4665,0,2006
149,142,28600000,9728073444,228,8,2013
150,143,28600000,4054589048,147,10,2009
151,144,28400000,14322875759,2509,8,2014
152,145,28400000,4943059589,132,3,2020
153,146,28200000,21008328965,2020,8,2013
154,147,28100000,25743323512,3131,4,2008
155,148,28100000,18421172559,160,4,2018
156,149,28100000,7193172591,839,3,2017
157,150,28000000,14967441549,3718,8,2015
158,151,28000000,13908482957,447,10,2010
159,152,27900000,9996299350,5422,4,2006
160,153,27700000,20217178677,1146,1,2015
161,154,27600000,26290731375,114067,4,2006
162,155,27400000,14040459862,121,0,2013
163,156,27200000,5094142687,2491,4,2015
164,157,27100000,17117316552,405,4,2018
165,158,27100000,2862422681,67,10,2016
166,159,26900000,16492704526,460,1,2014
167,160,26800000,12947966180,53,0,2009
168,161,26800000,4592841527,812,13,2012
169,162,26700000,12175851183,144314,9,2007
170,163,26600000,15570902183,2579,4,2014
171,164,26500000,18579474197,578,1,2016
172,165,26400000,18891028184,205,0,2013
173,166,26400000,12528940373,598,0,2008
174,167,26300000,13426911345,421,1,2014
175,168,26300000,10022194205,994,10,2011
176,169,26300000,3589276436,553,3,2016
177,170,26200000,18809615646,3603,3,2012
178,171,26100000,22661822099,19992,0,2008
179,172,26100000,7942766503,968,4,2011
180,173,25900000,19426357466,6259,0,2008
181,174,25900000,15750623413,427,4,2018
182,175,25800000,12588288710,7,0,2005
183,176,25800000,23276597783,239,0,2009
184,177,25800000,13948216340,496,0,2009
185,178,25700000,14907579962,1581,3,2011
186,179,25600000,7086413849,725,5,2012
187,180,25500000,7409442051,4251,4,2015
188,181,25500000,4371751617,185,4,2015
189,182,25400000,6901320769,3648,4,2011
190,183,25200000,17152981455,1502,0,2008
191,184,25200000,18089677017,106,0,2009
192,185,25100000,20691684541,4712,8,2012
193,186,25000000,10184035967,1366,10,2005
194,187,24900000,18786748261,98,0,2009
195,188,24900000,16477333283,114,0,2013
196,189,24900000,15717379166,234,0,2005
197,190,24900000,2583410213,672,7,2009
198,191,24800000,22679485513,171,0,2009
199,192,24700000,3060187306,1914,4,2017
200,193,24600000,15650528115,22492,0,2007
201,194,24600000,9217427023,217,5,2015
202,195,24500000,9386490086,31,0,2013
203,196,24400000,831718833,61,4,2019
204,197,24400000,7143695444,2844,8,2016
205,198,24300000,15959928823,633,0,2009
206,199,24300000,11006209206,840,8,2016
207,200,24300000,7908171009,4274,14,2012
208,201,24300000,5678834326,5650,4,2012
209,202,24300000,2224916696,298,8,2013
210,203,24200000,12492313399,51,0,2011
211,204,24200000,22605283252,16928,0,2011
212,205,24100000,2242631303,93,4,2012
213,206,24000000,5688277632,3060,5,2015
214,207,24000000,2735828023,367,7,2011
215,208,24000000,1821164544,513,5,2012
216,209,23900000,12797189774,8755,9,2016
217,210,23900000,5898102699,1242,4,2009
218,211,23900000,6368398946,251,4,2011
219,212,23900000,3687600020,406,4,2015
220,213,23900000,2447087199,1418,3,2011
221,214,23500000,15078170011,347,0,2010
222,215,23500000,5889189870,712,4,2015
223,216,23400000,7645734689,209,0,2008
224,217,23400000,13630944140,21,0,2006
225,218,23400000,10089784164,596,13,2016
226,219,23300000,12454676964,78951,4,2014
227,220,23200000,9797581328,1992,7,2015
228,221,23200000,6805551423,146479,5,2017
229,222,23100000,14762469807,1046,5,2014
230,223,23100000,15050718616,328,0,2012
231,224,23000000,5590554837,2155,4,2011
232,225,22900000,21078177585,3425,4,2006
233,226,22900000,16539033540,405,0,2007
234,227,22800000,50658927334,20482,0,2014
235,228,22800000,14239994409,5667,3,2014
236,229,22700000,7556615404,1117,8,2014
237,230,22500000,5743037460,1508,4,2006
238,231,22400000,11627613226,92,0,2016
239,232,22400000,7122122133,2409,8,2015
240,233,22300000,13424354473,990,5,2014
241,234,22300000,13337815978,237,0,2012
242,235,22300000,5869132761,1085,4,2017
243,236,22300000,5357578673,2191,3,2014
244,237,22300000,2935811566,107,13,2011
245,238,22200000,8155335430,39370,9,2015
246,239,22200000,3065204553,4609,13,2015
247,240,22100000,24128528075,13755,0,2010
248,241,22100000,16656148835,59428,4,2011
249,242,22100000,11179266145,576,4,2018
250,243,22100000,9340794746,1722,5,2015
251,244,22100000,6293790011,2456,4,2010
252,245,22000000,11550410746,266,0,2010
253,246,22000000,8261468075,413,5,2018
254,247,21900000,16356422375,1139,5,2010
255,248,21900000,13835267771,172,5,2008
256,249,21700000,9719487276,5094,4,2014
257,250,21700000,7061442001,52,0,2016
258,251,21700000,4016933296,2751,4,2006
259,252,21700000,2370380465,4005,5,2006
260,253,21600000,12150226022,144,0,2007
261,254,21600000,9790033957,503,4,2019
262,255,21500000,12148385591,21294,0,2014
263,256,21500000,6961098158,949,8,2014
264,257,21500000,6009951177,1997,3,2012
265,258,21400000,4575205400,4025,8,2013
266,259,21200000,5588648749,1569,8,2014
267,260,21200000,4357416327,403,4,2006
268,261,21100000,11922457689,973,1,2018
269,262,21100000,7382859153,2908,10,2012
270,263,21000000,12022708572,3067,3,2009
271,264,21000000,5508445771,4310,7,2016
272,265,20900000,22567064225,1594,3,2013
273,266,20900000,9928011592,164,0,2011
274,267,20900000,4934552904,3961,7,2018
275,268,20900000,1601142353,175,4,2014
276,269,20800000,10126082404,58623,0,2013
277,270,20800000,10441789042,529,4,2019
278,271,20800000,6955897177,3861,3,2012
279,272,20800000,4254648656,1957,5,2016
280,273,20700000,8609202215,132,0,2009
281,274,20700000,1834293432,291,10,2011
282,275,20700000,2290112686,72,4,2021
283,276,20600000,1796017693,2474,8,2015
284,277,20500000,4655819045,484,10,2009
285,278,20400000,11747446967,3367,2,2013
286,279,20400000,19296050086,7811,4,2007
287,280,20400000,9552800638,73,0,2011
288,281,20400000,7061690830,277,4,2016
289,282,20400000,7219140294,934,5,2013
290,283,20400000,5199519260,9854,13,2006
291,284,20400000,5325195339,25,5,2018
292,285,20300000,17755714250,7347,5,2011
293,286,20300000,4606459332,718,15,2014
294,287,20200000,21872499520,429,4,2019
295,288,20200000,9499913181,149,0,2009
296,289,20100000,12940702514,3885,4,2007
297,290,20100000,8389982773,1258,3,2015
298,291,20100000,12116551500,12702,4,2006
299,292,20100000,8852635760,4638,3,2011
300,293,20000000,546905035,1519,0,2006
301,294,20000000,6307539008,180,0,2010
302,295,20000000,16480938259,8109,0,2012
303,296,20000000,4930920530,1302,14,2011
304,297,20000000,4345234891,426,4,2012
305,298,20000000,3027361293,1160,13,2011
306,299,19900000,5616881420,4440,7,2017
307,300,19900000,4321286202,116,8,2006
308,301,19900000,1761774908,250,10,2010
309,302,19800000,15394134862,29028,4,2006
310,303,19800000,9563010656,408,4,2013
311,304,19800000,10849211839,1153,8,2007
312,305,19700000,12776498114,29574,9,2013
313,306,19700000,5694327707,235,0,2011
314,307,19700000,3826474945,174,8,2014
315,308,19600000,25787517689,5545,10,2016
316,309,19600000,13978892435,1057,0,2012
317,310,19600000,9147535900,417,4,2018
318,311,19600000,4269173489,566,5,2005
319,312,19500000,5098361752,7989,4,2005
320,313,19500000,2545886796,627,10,2014
321,314,19400000,11968987179,37390,4,2009
322,315,19400000,14819598563,28,0,2005
323,316,19400000,7383775138,2454,4,2013
324,317,19400000,1478660028,683,1,2013
325,318,19300000,11783975855,592,0,2006
326,319,19300000,3631748240,1287,4,2006
327,320,19200000,7139476227,2591,5,2016
328,321,19200000,11815001366,335,0,2010
329,322,19200000,9413508600,699,4,2015
330,323,19200000,4383533818,1517,4,2014
331,324,19200000,4075368246,1132,4,2009
333,325,19100000,9328209625,3750,4,2014
334,326,19100000,6410853410,589,5,2015
335,327,19100000,3252868093,5240,4,2013
336,328,19100000,1540403509,85,5,2017
337,329,19000000,5672497949,613,5,2017
338,330,19000000,2052293685,161,1,2013
339,331,19000000,1946197106,3559,9,2017
340,332,18900000,10791851871,42086,6,2005
341,333,18800000,12472520905,6073,4,2006
342,334,18800000,4497282091,668,5,2016
343,335,18800000,3623586697,553,3,2013
344,336,18700000,13622998578,34648,5,2016
345,337,18700000,9145485770,267,4,2017
346,338,18700000,5228700571,2707,5,2016
347,339,18700000,2528480817,215,5,2016
348,340,18600000,10512530241,3735,4,2008
349,341,18600000,7370103100,740,4,2020
350,342,18600000,5659051618,37,0,2018
351,343,18500000,14886853329,76,0,2007
352,344,18500000,8985315647,1090,8,2011
353,345,18500000,6957319094,6798,10,2011
354,346,18500000,7069624864,60,5,2016
355,347,18500000,7050721828,2106,3,2013
356,348,18400000,22257341033,189,0,2009
357,349,18300000,18786377776,814,4,2015
358,350,18300000,9942133522,629,8,2013
359,351,18300000,7133240982,8169,4,2011
360,352,18200000,5236302709,3287,3,2014
361,353,18200000,13926619677,58485,4,2007
362,354,18200000,13088159940,1094,8,2012
363,355,18200000,20938593710,3571,4,2013
364,356,18200000,7087407988,536,5,2014
365,357,18200000,4332532776,2053,13,2010
366,358,18200000,4490004408,633,5,2017
367,359,18200000,2476464261,932,3,2016
368,360,18200000,2367699484,326,5,2014
369,361,18100000,10232250581,672,1,2019
370,362,18100000,6165702828,2062,0,2007
371,363,18100000,6908411472,825,5,2015
372,364,18100000,3910330714,108,4,2009
373,365,18100000,3178960318,969,4,2015
374,366,18000000,5486103239,1517,4,2013
375,367,18000000,4603751673,84,1,2018
376,368,18000000,4023496321,113,10,2014
377,369,18000000,3017467860,5682,5,2017
378,370,18000000,3038899728,201,0,2013
379,371,18000000,2415927927,391,13,2007
380,372,17900000,8480000414,193,0,2009
381,373,17900000,3868166958,424,5,2011
382,374,17800000,19011269725,177,0,2010
383,375,17800000,7561933732,397,5,2016
384,376,17800000,6495131112,282,0,2008
385,377,17800000,4958584356,154,10,2015
386,378,17800000,4091109829,59,0,2015
387,379,17800000,2521515641,1462,5,2017
388,380,17700000,8588329369,50080,4,2011
389,381,17700000,8074270215,2980,4,2008
390,382,17700000,6077820746,3332,3,2012
391,383,17700000,5766028299,3920,3,2006
392,384,17700000,3131925799,344,3,2008
393,385,17600000,15500399390,1282,2,2009
394,386,17600000,10952154122,2663,0,2011
395,387,17600000,8525569510,580,1,2018
396,388,17600000,8522826642,476,4,2014
397,389,17600000,3657526529,282,0,2011
398,390,17600000,4477436881,211,7,2018
399,391,17500000,2112929572,578,4,2016
400,392,17400000,9316925082,196,9,2013
401,393,17400000,9825292199,119,0,2010
402,394,17400000,8231518268,392,4,2018
403,395,17400000,7258838590,1960,4,2012
404,396,17400000,2595554113,189,10,2013
405,397,17300000,19465295267,111360,4,2010
406,398,17300000,19901616359,27059,4,2007
407,399,17300000,3287834094,1948,1,2011
408,400,17300000,827786482,217,8,2016
409,401,17200000,14475783059,4686,3,2012
410,402,17200000,9258609822,1471,3,2011
411,403,17200000,7131816532,856,2,2016
412,404,17200000,4808457361,6686,3,2009
413,405,17200000,4680573231,1145,4,2013
414,406,17200000,3804413513,363,4,2013
415,407,17100000,14008585257,96,0,2009
416,408,17100000,17974040182,5334,0,2014
417,409,17100000,6078466417,741,7,2018
418,410,17100000,3561001854,563,7,2011
419,411,17100000,2801548472,128,7,2017
420,412,17000000,7942553236,351,4,2012
421,413,17000000,7723277433,5515,3,2013
422,414,17000000,6221383175,192,1,2017
423,415,17000000,6273315738,2184,4,2015
424,416,17000000,1670639781,347,1,2019
425,417,16900000,9195178282,96,1,2018
426,418,16900000,10550888024,2047,0,2013
427,419,16900000,9529205653,3150,4,2020
428,420,16900000,8614218175,1754,3,2006
429,421,16800000,6459285262,4723,4,2012
430,422,16800000,14633922961,149770,3,2006
431,423,16800000,8808599101,451,0,2008
432,424,16800000,6304251610,539,4,2013
433,425,16700000,6530946230,2874,16,2013
434,426,16700000,6443586305,1546,4,2012
435,427,16700000,6610175435,99,0,2011
436,428,16700000,2714071108,972,4,2007
437,429,16700000,2657491028,265,10,2014
438,430,16600000,11637964945,1940,0,2013
439,431,16600000,4875900353,6796,5,2014
440,432,16600000,2212149791,488,4,2012
441,433,16500000,5970849535,1039,5,2019
442,434,16500000,4090289417,476,10,2012
443,435,16500000,3367572384,2117,7,2006
444,436,16400000,15090557603,4304,0,2014
445,437,16400000,8307904773,2763,3,2014
446,438,16400000,8642459264,649,5,2018
447,439,16400000,3509049258,4658,7,2017
448,440,16300000,4739609055,653,3,2012
449,441,16300000,4923411314,3467,4,2007
450,442,16300000,4696367446,480,5,2012
451,443,16300000,4238595667,2008,8,2016
452,444,16300000,907965523,1081,10,2013
453,445,16200000,9476895180,124072,9,2015
454,446,16200000,10718891416,14759,2,2013
455,447,16200000,6235405830,124,4,2009
456,448,16200000,3702173328,953,7,2011
457,449,16200000,3020272233,582,5,2016
458,450,16200000,4078330367,111,0,2017
459,451,16100000,12991967769,453,1,2014
460,452,16100000,9723539941,908,0,2008
461,453,16100000,7187033169,13,0,2013
462,454,16100000,7954662776,1427,8,2009
463,455,16100000,5830669187,176,5,2017
464,456,16100000,4196033350,264,4,2015
465,457,16100000,3546490692,659,3,2009
466,458,16100000,2949891202,654,3,2015
467,459,16100000,2573050059,723,5,2017
468,460,16000000,11095340736,571,4,2015
469,461,16000000,8780937851,123467,4,2014
470,462,16000000,7047968268,278,0,2011
471,463,16000000,4133234619,622,4,2014
472,464,16000000,2041620563,337,10,2011
473,465,15900000,10175537321,872,1,2015
474,466,15900000,9803533121,1937,0,2016
475,467,15900000,6230190520,438,0,2007
476,468,15900000,6086165889,61,0,2015
477,469,15900000,4174962442,3694,4,2005
478,470,15900000,4248704474,399,10,2011
479,471,15900000,4745414554,865,7,2009
480,472,15900000,3082486680,1454,13,2008
481,473,15900000,2575183135,428,7,2006
482,474,15900000,808136104,205,13,2005
483,475,15800000,7713981883,545,4,2018
484,476,15800000,7837311552,352,10,2017
485,477,15800000,3631494389,1183,3,2011
486,478,15800000,3007947714,732,5,2015
487,479,15800000,1918777559,232,10,2011
488,480,15700000,11194074075,97231,4,2014
489,481,15700000,12811981848,9582,8,2011
490,482,15700000,11458130113,302,0,2006
491,483,15700000,9410061135,1979,3,2012
492,484,15700000,9512025119,224,0,2005
493,485,15700000,7137778517,666,1,2015
494,486,15700000,5276127016,699,10,2014
495,487,15700000,3249162653,401,4,2012
496,488,15700000,1509244860,545,4,2010
497,489,15600000,7817983360,2154,0,2011
498,490,15600000,6132515137,3614,8,2020
499,491,15600000,4012749893,5356,4,2015
500,492,15500000,6948469648,706,4,2016
501,493,15500000,5982443648,157377,9,2014
502,494,15500000,5442036950,1726,5,2013
503,495,15500000,1294519810,1803,4,2015
504,496,15400000,5602802498,2085,8,2013
505,497,15400000,6541827030,3537,0,2013
506,498,15400000,5534075089,343,4,2019
507,499,15400000,2805232542,46290,1,2014
509,500,15300000,12818689835,58886,4,2015
510,501,15200000,8199671601,16953,4,2011
511,502,15200000,8085387780,544,4,2014
512,503,15200000,11470355227,51,0,2009
513,504,15200000,6003697328,80,0,2010
514,505,15200000,4465727515,3392,5,2018
515,506,15200000,4683488651,78,10,2017
516,507,15200000,2528566554,1700,10,2012
517,508,15200000,2359375167,611,7,2012
518,509,15100000,10715145365,1315,4,2015
519,510,15100000,7990515155,863,4,2012
520,511,15100000,11583824903,26477,4,2015
521,512,15100000,2919203136,2206,1,2014
522,513,15100000,1535589708,1186,3,2017
523,514,15100000,1488692745,988,3,2013
524,515,15000000,11688798550,49889,4,2010
525,516,15000000,8678492072,4478,0,2014
526,517,15000000,8769075543,67,0,2012
527,518,15000000,6483845834,430,4,2019
528,519,15000000,8132415475,456,4,2019
529,520,15000000,5438131771,3440,5,2018
530,521,15000000,4559692349,14,0,2016
531,522,15000000,4484263923,3102,3,2013
532,523,15000000,4160511912,4404,7,2017
533,524,15000000,2774875062,216,5,2008
534,525,15000000,1678559984,479,5,2008
535,526,14900000,439098,1,5,2008
536,527,14900000,12484253152,285,0,2009
537,528,14900000,18840617532,28683,4,2005
538,529,14900000,9171517368,18735,8,2012
539,530,14900000,10469251425,8169,0,2011
540,531,14900000,6655475239,4951,3,2008
541,532,14900000,6178735188,392,4,2010
542,533,14900000,2568493946,1918,7,2010
543,534,14900000,1630452954,158,10,2015
544,535,14800000,10387146066,19368,4,2010
545,536,14800000,7353265213,776,0,2005
546,537,14800000,8349695433,5225,4,2015
547,538,14800000,9864262216,732,1,2014
548,539,14800000,6604382784,1340,3,2009
549,540,14800000,4790199895,525,4,2016
550,541,14800000,5013387703,3646,3,2013
551,542,14800000,4255591418,1684,4,2015
552,543,14800000,3905723697,85,4,2006
553,544,14800000,3689834035,976,5,2018
554,545,14800000,1938796955,87,5,2020
555,546,14800000,1359023136,391,4,2013
556,547,14700000,10398104437,212,0,2012
557,548,14700000,8282592676,8625,4,2017
558,549,14700000,7773089325,4624,0,2010
559,550,14700000,5647481648,65241,9,2008
560,551,14700000,4518966874,381,4,2017
561,552,14700000,4784433628,7674,4,2012
562,553,14700000,4468774867,899,5,2015
563,554,14700000,3498040367,4643,7,2017
564,555,14700000,6062569897,5864,13,2008
565,556,14600000,18917303323,143,0,2009
566,557,14600000,8886913617,407,0,2009
567,558,14600000,7981563626,294,0,2008
568,559,14600000,6090840731,95987,9,2013
569,560,14600000,5544547819,16437,9,2009
570,561,14600000,3480250258,858,10,2010
571,562,14600000,3226020734,175,0,2010
572,563,14600000,1859586741,2898,1,2017
573,564,14600000,1310544121,2250,0,2013
574,565,14500000,10323589482,183,0,2009
575,566,14500000,12573029533,992,8,2013
576,567,14500000,12629200270,1190,0,2006
577,568,14500000,11995915981,209097,9,2010
578,569,14500000,7331868655,3307,10,2006
579,119,14500000,6036342725,1147,4,2011
580,570,14500000,9685321623,1081,4,2015
581,571,14500000,6378481319,1445,8,2017
582,572,14500000,5069817134,120858,9,2007
583,573,14500000,3644137000,630,4,2014
584,574,14500000,2385190008,51,4,2017
585,575,14500000,2655046551,2410,3,2016
586,576,14500000,2175911149,1312,4,2016
587,577,14500000,1694934569,362,4,2014
588,578,14500000,1416689094,370,4,2008
589,579,14400000,7526971366,67,0,2013
590,580,14400000,6164527861,20085,0,2014
591,581,14400000,6161605244,630,10,2006
592,582,14400000,4914128767,568,5,2016
593,583,14400000,5558117744,305,0,2011
594,584,14400000,7061275751,4281,5,2020
595,585,14400000,4812187551,539,5,2014
596,586,14400000,3919524704,478,10,2010
597,587,14400000,3733683543,852,0,2016
598,588,14400000,3400090845,428,5,2017
599,589,14400000,3005899595,205,10,2007
600,590,14400000,2346592288,297,4,2010
601,591,14400000,2013234398,401,4,2014
602,592,14300000,13310308313,1540,0,2008
603,593,14300000,9548597909,556,5,2020
604,594,14300000,4230572281,17878,3,2005
605,595,14300000,2081351545,2514,3,2017
606,596,14300000,2014152450,398,4,2013
607,597,14300000,1547521967,200,5,2017
608,598,14200000,8511385256,38,0,2016
609,599,14200000,7365642885,668,3,2016
610,600,14200000,6767838159,357,4,2016
611,601,14200000,4812994887,599,5,2014
612,602,14200000,4885163357,2554,0,2012
613,603,14200000,4533034236,167,8,2017
614,604,14200000,4189052804,3429,0,2014
615,605,14200000,2512937687,638,5,2014
616,606,14100000,17905081262,168,0,2011
617,607,14100000,9438904191,174684,9,2009
618,608,14100000,12083277333,155569,9,2005
619,609,14100000,5021164640,964,0,2014
620,610,14100000,5221155648,20582,4,2011
621,611,14100000,4265711762,396,4,2015
622,612,14100000,3851507257,1189,8,2014
623,613,14100000,3410001605,688,4,2013
624,614,14100000,3068619934,407,4,2017
625,615,14000000,3636809960,891,4,2013
626,616,14000000,13364784369,3996,3,2012
627,617,14000000,7752154061,649,4,2018
628,618,14000000,6272005457,1987,7,2015
629,619,14000000,4816638383,5446,3,2012
630,620,14000000,3152582636,777,6,2011
631,621,13900000,8013016996,2340,4,2017
632,622,13900000,8048210407,2519,4,2014
633,623,13900000,5606959168,3490,3,2013
634,624,13900000,5422335319,12258,6,2006
635,625,13900000,5778034318,6400,3,2012
636,626,13900000,5816295650,1628,3,2009
637,627,13900000,5056080182,45,0,2017
638,628,13900000,4427609230,1349,4,2006
639,629,13900000,3931202248,156,0,2012
640,630,13900000,2469411668,437,4,2014
641,631,13900000,2382268150,534,7,2014
642,632,13900000,1562768226,852,7,2008
643,633,13800000,2203376862,9960,6,2006
644,634,13800000,7685405847,408,5,2017
645,635,13800000,7013383323,224,10,2009
646,636,13800000,3835968267,96,0,2007
647,637,13800000,4057054946,1007,7,2010
648,638,13800000,2583408205,694,5,2013
649,639,13700000,225191097,344,3,2016
650,640,13700000,13822177908,70454,4,2011
651,641,13700000,7394853164,54722,4,2012
652,642,13700000,5660289473,362,4,2018
653,643,13700000,7269291992,562,5,2018
654,644,13700000,4285457943,515,5,2018
655,645,13700000,3101895284,1372,4,2011
656,646,13700000,2201167967,164,8,2009
657,647,13700000,1893820151,2919,4,2008
658,648,13700000,1882235841,373,7,2010
659,649,13600000,8727207691,53533,4,2011
660,650,13600000,8649139354,417,0,2007
661,651,13600000,5801199256,4452,3,2014
662,652,13600000,5325454303,3977,3,2011
663,653,13600000,1699669363,1436,1,2006
664,654,13500000,8306091825,826,8,2015
665,655,13500000,7508843409,2770,5,2019
666,656,13500000,5860777243,4599,0,2016
667,657,13500000,4977566807,463,1,2011
668,658,13500000,2116009610,854,5,2016
669,659,13500000,1926532344,2138,3,2014
670,660,13500000,1792757553,122,0,2012
671,661,13400000,15778544226,69731,4,2018
672,662,13400000,10047123955,352,4,2012
673,663,13400000,11589784991,71206,9,2006
674,664,13400000,9054727117,59,0,2011
675,665,13400000,7855326888,18325,4,2007
676,666,13400000,7301307830,371,0,2009
677,667,13400000,6045422126,1620,3,2015
678,668,13400000,4975821188,595,10,2014
679,669,13400000,4344884807,493,5,2014
680,670,13400000,4427208053,13,5,2017
681,671,13400000,3533680308,172,0,2007
682,672,13400000,3659613327,681,4,2007
683,673,13400000,2046344368,406,7,2014
684,674,13400000,1092248349,12,0,2019
685,675,13400000,638326662,117,10,2015
686,676,13300000,19691312985,235,0,2010
687,677,13300000,11695828552,1421,0,2006
688,678,13300000,5259245361,1552,0,2014
689,679,13300000,4229571870,3027,3,2007
690,680,13200000,6282100713,404,4,2019
691,681,13200000,4522774674,275,5,2014
692,682,13200000,4655009420,694,3,2018
693,683,13200000,4639173668,340,5,2019
694,684,13200000,3173575287,490,7,2012
695,685,13200000,1380896972,16,5,2017
696,686,13100000,12102023764,7805,5,2015
697,687,13100000,5791129136,7672,3,2006
698,688,13100000,5680652976,4895,0,2012
699,689,13100000,4606244054,586,10,2012
700,690,13100000,4846410942,409,4,2018
701,691,13100000,5149512811,838,8,2019
702,692,13100000,4064473466,276,5,2017
703,693,13100000,1938724616,1223,3,2015
704,694,13100000,741066278,238,4,2015
705,695,13000000,10664585,29,4,2016
706,696,13000000,13581231885,7996,4,2013
707,697,13000000,14773705750,137,0,2009
708,698,13000000,6244275339,3000,5,2012
709,699,13000000,3545774062,96,10,2015
710,700,13000000,2581452824,282,0,2006
711,701,13000000,1738311790,616,6,2011
712,702,13000000,926279238,221,5,2019
713,703,12900000,3274234309,529,0,2014
714,704,12900000,13130570880,167,0,2009
715,705,12900000,9539435945,1055,0,2014
716,706,12900000,4621224472,173,0,2009
717,707,12900000,6130500064,339,7,2018
718,708,12900000,5543670656,390,6,2009
719,709,12900000,2970575636,486,4,2011
720,710,12900000,2839759455,2331,1,2016
721,711,12900000,2639885987,1931,7,2009
722,712,12900000,2162786560,1296,7,2006
723,713,12900000,1636814649,511,10,2015
724,714,12900000,1300528162,238,5,2017
725,715,12900000,990362305,587,10,2009
726,716,12800000,6165983944,284,1,2016
727,717,12800000,13067020729,1960,5,2021
728,718,12800000,8366717082,36800,4,2011
729,719,12800000,6887508307,33,0,2009
730,720,12800000,6722961376,3212,4,2010
731,721,12800000,6334967135,9347,4,2011
732,722,12800000,6682031898,1354,4,2008
733,723,12800000,6224195587,86735,4,2008
734,724,12800000,5243185280,169,0,2010
735,725,12800000,3948852379,3931,3,2008
736,726,12800000,3841146030,16397,9,2006
737,727,12800000,2266640311,765,5,2013
738,728,12800000,1609903713,393,5,2017
739,729,12800000,1343814218,745,13,2006
740,730,12800000,918548566,482,1,2016
741,731,12700000,19472063469,1617,4,2019
742,732,12700000,8367047990,93,0,2010
743,733,12700000,6055781883,389,4,2019
744,734,12700000,6503369315,2282,4,2014
745,735,12700000,4639145138,5111,3,2012
746,736,12700000,3207538507,5219,4,2013
747,737,12700000,2582093496,758,4,2013
748,738,12700000,2138416538,1544,3,2017
749,739,12600000,1986603595,358,4,2009
750,740,12600000,10768365983,542,15,2020
751,741,12600000,3960601978,44,0,2013
752,742,12600000,8830704358,12973,15,2005
753,743,12600000,7265803610,1273,4,2016
754,744,12600000,5169203026,15573,4,2011
755,745,12600000,4270306760,533,7,2017
756,746,12600000,4241651530,1107,4,2015
757,747,12600000,3916931694,511,0,2012
758,748,12600000,3337753407,1430,1,2010
759,749,12600000,2875252577,152,4,2016
760,750,12600000,1795358843,336,1,2010
761,751,12600000,1629550071,530,4,2013
762,752,12600000,1104329570,405,4,2012
763,753,12600000,978876224,1604,7,2016
764,754,12500000,1302818088,567,5,2016
765,755,12500000,9102860878,630,4,2007
766,756,12500000,11451399743,3261,4,2008
767,757,12500000,7198667373,3133,4,2014
768,758,12500000,5283086890,76545,4,2008
769,759,12500000,4944109812,709,0,2006
770,760,12500000,4372757487,1399,0,2010
771,761,12500000,4547822776,1498,4,2011
772,762,12500000,4747533461,856,10,2011
773,763,12500000,3211108711,1431,4,2010
774,764,12500000,2940312253,34843,1,2015
775,765,12500000,2352844574,1414,6,2010
776,766,12500000,1446664137,1041,5,2014
777,767,12400000,10743601694,5581,5,2011
778,768,12400000,9025460804,225232,9,2013
779,769,12400000,7312991342,89,5,2008
780,770,12400000,9181398526,607,4,2012
781,771,12400000,5859164410,1032,4,2019
782,772,12400000,6556822629,104,0,2007
783,773,12400000,7036027389,1574,0,2014
784,774,12400000,8199848915,2122,4,2012
785,775,12400000,5477760778,1592,10,2016
786,776,12400000,6054112231,39,0,2018
787,777,12400000,4440271314,529,0,2013
788,778,12400000,4007664795,984,4,2012
789,779,12400000,3044339760,1068,5,2010
790,780,12400000,3284897861,204,4,2014
791,781,12400000,3368183197,355,4,2006
792,782,12400000,2338362639,1234,7,2014
793,783,12400000,2305594041,1126,3,2019
794,784,12400000,1796220780,130,3,2017
795,785,12400000,1022959848,463,3,2015
796,786,12400000,959616512,384,4,2013
797,787,12300000,11606288094,3238,0,2007
798,788,12300000,6706548354,1182,1,2014
799,789,12300000,4679118911,925,1,2016
800,790,12300000,4219567300,2430,7,2015
801,791,12300000,3807810342,1066,8,2014
802,792,12300000,2761291454,203,5,2014
803,793,12300000,2286659867,344,4,2016
804,794,12200000,5770890911,1101,4,2019
805,795,12200000,14390156987,367,4,2014
806,796,12200000,7908428418,6993,15,2014
807,797,12200000,7856644944,6411,10,2007
808,798,12200000,8959285840,3931,0,2009
809,799,12200000,6201317137,751,2,2017
810,800,12200000,6308397105,2070,7,2015
811,801,12200000,3956552948,674,4,2015
812,802,12200000,3817813233,707,4,2015
813,803,12200000,2748616115,981,10,2014
814,804,12200000,2770979129,921,5,2015
815,805,12200000,2590550091,322,4,2018
816,806,12100000,10471677314,329711,9,2007
817,807,12100000,8747974258,48,0,2011
818,808,12100000,9823385812,6967,0,2007
819,809,12100000,5294095545,4241,0,2014
820,810,12100000,4732355492,3062,3,2014
821,811,12100000,3904515416,9589,6,2006
822,812,12100000,2746045885,632,17,2015
823,813,12100000,2329241574,793,4,2011
824,814,12100000,1809901493,3285,13,2011
825,815,12000000,12493403632,290,0,2009
826,816,12000000,6370982440,100,0,2012
827,817,12000000,5676001571,40,0,2011
828,818,12000000,6447519975,10858,3,2012
829,819,12000000,5850856870,1863,3,2013
830,820,12000000,5358131096,153929,9,2007
831,821,12000000,4510236068,126906,4,2006
832,822,12000000,2681755121,205,10,2011
833,823,12000000,2522809876,1207,5,2016
834,824,12000000,2004584036,1408,4,2018
835,825,12000000,2265382511,17104,9,2007
836,826,12000000,753341022,148,5,2015
837,827,11900000,5012830809,1568,5,2019
838,828,11900000,5636275144,140,0,2005
839,829,11900000,4349105305,3445,1,2011
840,830,11900000,4115401899,310,4,2013
841,831,11900000,6371101819,365,4,2021
842,832,11900000,4064045560,106,10,2018
843,833,11900000,3925624169,2126,4,2016
844,834,11900000,3533048715,2756,4,2008
845,835,11900000,3661572976,7428,4,2010
846,836,11900000,3347502658,1474,3,2013
847,837,11900000,2140151369,496,4,2015
848,838,11900000,1722795279,630,5,2011
849,839,11900000,1472027354,350,4,2006
850,840,11900000,1469047858,1528,4,2011
851,841,11900000,1248384511,962,3,2014
852,842,11800000,13615089843,173,0,2009
853,843,11800000,9232920975,114,0,2014
854,844,11800000,9144058244,84071,9,2017
855,845,11800000,7784893932,40608,4,2012
856,846,11800000,6881836992,172,0,2015
857,847,11800000,5473328070,1185,2,2014
858,848,11800000,4755190859,324,10,2014
859,849,11800000,4208225754,275,4,2014
860,850,11800000,3241537148,766,13,2015
861,851,11800000,3235532845,1151,3,2016
862,852,11800000,2538254830,890,3,2012
863,853,11800000,2085751416,131,0,2013
864,854,11800000,2190306341,259,4,2016
865,855,11800000,1590238217,289,3,2015
866,856,11800000,1461546183,741,3,2014
867,857,11800000,1882150122,3439,12,2016
868,858,11800000,1329092064,1687,7,2008
869,859,11800000,1190135430,1605,10,2010
870,860,11800000,920996435,924,13,2015
872,861,11700000,4770280667,19108,0,2011
873,862,11700000,9325685889,364,3,2018
874,863,11700000,7264301648,130,0,2015
875,864,11700000,7314674893,1563,1,2012
876,865,11700000,6890942780,959,8,2015
877,866,11700000,5768686721,402,0,2015
878,867,11700000,4908116204,371,0,2009
879,868,11700000,4265761191,927,1,2017
880,869,11700000,4356636895,377,5,2019
881,870,11700000,2002897892,917,5,2016
882,871,11700000,1828200652,429,10,2006
883,872,11700000,1531833342,283,4,2016
884,873,11700000,602060711,280,10,2014
885,874,11700000,255073454,108,3,2015
886,875,11600000,11106097841,149786,4,2014
887,876,11600000,11876297990,508,10,2020
888,877,11600000,5052785110,460,5,2015
889,878,11600000,5289951047,37,0,2005
890,879,11600000,4412088740,51,0,2014
891,880,11600000,5041539626,49789,9,2019
892,881,11600000,3375080065,25710,10,2008
893,882,11600000,3339092378,351,5,2017
894,883,11600000,2723781007,735,3,2014
895,884,11600000,2485814338,819,7,2014
896,885,11500000,7211913487,13,0,2006
897,886,11500000,11015842469,475,4,2015
898,887,11500000,7314674032,193940,5,2018
899,888,11500000,4592238139,1119,4,2006
900,889,11500000,6102648062,225,0,2012
901,890,11500000,5733616887,278,0,2013
902,891,11500000,4418589089,1267,4,2006
903,892,11500000,3837227706,10901,3,2011
904,893,11500000,1832620830,42,10,2017
905,894,11500000,1587661793,1425,5,2018
906,895,11500000,1418615214,329,5,2017
907,896,11400000,3825084,1,1,2015
908,897,11400000,5209512047,353,1,2014
909,898,11400000,9492696997,39,0,2007
910,899,11400000,7893769128,1861,2,2010
911,900,11400000,7802486828,3589,5,2011
912,901,11400000,4991697738,119,0,2012
913,902,11400000,5409544753,528,7,2014
914,903,11400000,4942306057,994,2,2014
915,904,11400000,4440911293,347,4,2018
916,905,11400000,4069124046,2248,15,2009
917,906,11400000,3011607663,1970,13,2012
918,907,11400000,2515501575,1023,7,2012
919,908,11400000,1605101022,5063,7,2018
920,909,11400000,1534278655,326,10,2011
921,910,11400000,1069320125,529,8,2015
922,911,11300000,1389660530,1117,5,2018
923,912,11300000,8954781989,13423,4,2013
924,913,11300000,8789109127,240,4,2020
925,914,11300000,8388840225,1538,8,2007
926,915,11300000,5335786775,254,0,2013
927,916,11300000,6261374873,313,0,2008
928,917,11300000,5129031730,998,0,2015
929,918,11300000,4826278522,2444,3,2012
930,919,11300000,4918241216,486,15,2006
931,920,11300000,4474548691,224,0,2012
932,921,11300000,4462580470,1719,4,2010
933,922,11300000,3924274232,5501,3,2010
934,923,11300000,3176486598,997,4,2015
935,924,11300000,3594122308,392,13,2015
936,925,11300000,2127059635,332,5,2015
937,926,11300000,2116631957,101,8,2014
938,927,11300000,2294003189,236,8,2014
939,928,11300000,1188547722,649,7,2012
940,929,11200000,1656301737,433,4,2011
941,930,11200000,1311726533,328,0,2015
942,931,11200000,12481668186,390,10,2021
943,932,11200000,11415809929,231,0,2012
944,933,11200000,7625038147,3216,5,2006
945,934,11200000,5892643162,129135,5,2006
946,935,11200000,5543363992,201,0,2009
947,936,11200000,4846700433,1738,4,2014
948,937,11200000,4562854224,102,4,2015
949,938,11200000,3344578049,2053,10,2007
950,939,11200000,3138496496,660,8,2018
951,940,11200000,2123231155,792,3,2014
952,941,11200000,1978138747,2882,3,2013
953,942,11200000,1753589438,405,4,2016
954,943,11200000,1543663972,551,4,2013
955,944,11200000,1646248092,3624,5,2013
956,945,11200000,1371995657,893,3,2017
957,946,11100000,4132213251,449,4,2017
958,947,11100000,15050447314,2910,4,2011
959,948,11100000,12321708693,2799,4,2010
960,949,11100000,7586526902,1126,4,2011
961,950,11100000,6761739774,396,4,2018
962,951,11100000,7015448647,1797,8,2013
963,952,11100000,5768785195,3952,3,2007
964,953,11100000,7000333135,397,4,2015
965,954,11100000,6680703649,356,5,2018
966,955,11100000,6297139999,5841,10,2006
967,956,11100000,4802776148,446,4,2019
968,957,11100000,3823868578,2101,0,2011
969,958,11100000,3250851179,257,4,2016
970,959,11100000,2891052624,2797,0,2011
971,960,11100000,2933099311,1906,5,2013
972,961,11100000,2242892562,355,8,2014
973,962,11100000,1903304025,626,7,2016
974,963,11100000,1793692542,1435,13,2011
975,964,11100000,1606057806,259,3,2014
976,965,11100000,1584174173,382,7,2013
977,966,11100000,1246793263,1047,5,2016
979,967,11000000,3703938514,2411,4,2005
980,968,11000000,19367966533,27156,9,2012
981,969,11000000,9521653019,8840,4,2015
982,970,11000000,8874980800,2196,3,2017
983,971,11000000,5459891400,25,0,2018
984,972,11000000,5211071220,160,0,2009
985,973,11000000,4227479765,942,4,2016
986,974,11000000,4040393626,770,4,2014
987,975,11000000,3685664468,1048,10,2009
988,976,11000000,3419435728,1962,3,2009
989,977,11000000,3306502621,1845,3,2016
990,978,11000000,3263285883,193,0,2016
991,979,11000000,886497694,505,5,2013
992,980,10900000,9948474904,791,4,2016
993,981,10900000,7934725886,1685,4,2008
994,982,10900000,6663450148,2726,1,2014
995,983,10900000,5589104660,920,8,2014
996,984,10900000,4609300218,3528,3,2014
997,985,10900000,4070521973,690,0,2013
998,986,10900000,3093784767,1006,3,2011
999,987,10900000,3040301750,831,3,2012
1000,988,10900000,2808411693,590,5,2017
